num_senders,1
num_drivers,1
review,1,5
senderspace,1,10
driverspace 1,20
drivedistance,100,250
radius,10000
price,1,2
location1,36.677737,-121.655501
location2,37.774929,-122.419416
location3,38.581572,-121.494400
location4,36.746842,-119.772587
brokers,ip-10-0-0-10,ip-10-0-0-7,ip-10-0-0-6,ip-10-0-0-8
